ApplicantIncome,CoapplicantIncome,Credit_History,Dependents,Education,Gender,LoanAmount,Loan_Amount_Term,Loan_ID,Loan_Status,Married,Property_Area,Self_Employed,_id
,0,1,0,Graduate,Male,150,360,LP001002,Y,No,Urban,No,641ea6e3c50d2637fbd35c7a
,1508,1,1,Graduate,Male,128,360,LP001003,N,Yes,Rural,No,641ea6e3c50d2637fbd35c7b
,0,1,0,Graduate,Male,66,360,LP001005,Y,Yes,Urban,Yes,641ea6e3c50d2637fbd35c7c
,2358,1,0,Not Graduate,Male,120,360,LP001006,Y,Yes,Urban,No,641ea6e3c50d2637fbd35c7d
,0,1,0,Graduate,Male,141,360,LP001008,Y,No,Urban,No,641ea6e3c50d2637fbd35c7e
,4196,1,2,Graduate,Male,267,360,LP001011,Y,Yes,Urban,Yes,641ea6e3c50d2637fbd35c7f
,1516,1,0,Not Graduate,Male,95,360,LP001013,Y,Yes,Urban,No,641ea6e3c50d2637fbd35c80
,2504,0,3+,Graduate,Male,158,360,LP001014,N,Yes,Semiurban,No,641ea6e3c50d2637fbd35c81
,1526,1,2,Graduate,Male,168,360,LP001018,Y,Yes,Urban,No,641ea6e3c50d2637fbd35c82
,10968,1,1,Graduate,Male,349,360,LP001020,N,Yes,Semiurban,No,641ea6e3c50d2637fbd35c83
,700,1,2,Graduate,Male,70,360,LP001024,Y,Yes,Urban,No,641ea6e3c50d2637fbd35c84
,1840,1,2,Graduate,Male,109,360,LP001027,Y,Yes,Urban,,641ea6e3c50d2637fbd35c85
,8106,1,2,Graduate,Male,200,360,LP001028,Y,Yes,Urban,No,641ea6e3c50d2637fbd35c86
1853,2840,1,0,Graduate,Male,114,360,LP001029,N,No,Rural,No,641ea6e3c50d2637fbd35c87
1299,1086,1,2,Graduate,Male,17,120,LP001030,Y,Yes,Urban,No,641ea6e3c50d2637fbd35c88
,0,1,0,Graduate,Male,125,360,LP001032,Y,No,Urban,No,641ea6e3c50d2637fbd35c89
,0,null,1,Not Graduate,Male,100,240,LP001034,Y,No,Urban,No,641ea6e3c50d2637fbd35c8a
,0,0,0,Graduate,Female,76,360,LP001036,N,No,Urban,No,641ea6e3c50d2637fbd35c8b
,0,1,0,Not Graduate,Male,133,360,LP001038,N,Yes,Rural,No,641ea6e3c50d2637fbd35c8c
,3500,1,0,Graduate,Male,115,null,LP001041,Y,Yes,Urban,,641ea6e3c50d2637fbd35c8d
,0,0,0,Not Graduate,Male,104,360,LP001043,N,Yes,Urban,No,641ea6e3c50d2637fbd35c8e
,5625,1,1,Graduate,Male,315,360,LP001046,Y,Yes,Urban,No,641ea6e3c50d2637fbd35c8f
,1911,0,0,Not Graduate,Male,116,360,LP001047,N,Yes,Semiurban,No,641ea6e3c50d2637fbd35c90
,1917,0,2,Not Graduate,,112,360,LP001050,N,Yes,Rural,No,641ea6e3c50d2637fbd35c91
,2925,null,1,Graduate,Male,151,360,LP001052,N,Yes,Semiurban,,641ea6e3c50d2637fbd35c92
,0,1,0,Graduate,Male,191,360,LP001066,Y,Yes,Semiurban,Yes,641ea6e3c50d2637fbd35c93
,2253,1,0,Graduate,Male,122,360,LP001068,Y,Yes,Semiurban,No,641ea6e3c50d2637fbd35c94
,1040,1,2,Not Graduate,Male,110,360,LP001073,Y,Yes,Urban,No,641ea6e3c50d2637fbd35c95
1442,0,1,0,Not Graduate,Male,35,360,LP001086,N,No,Urban,No,641ea6e3c50d2637fbd35c96
,2083,1,2,Graduate,Female,120,360,LP001087,Y,No,Semiurban,,641ea6e3c50d2637fbd35c97
,3369,null,1,Graduate,Male,201,360,LP001091,N,Yes,Urban,,641ea6e3c50d2637fbd35c98
,0,1,0,Graduate,Male,74,360,LP001095,N,No,Urban,No,641ea6e3c50d2637fbd35c99
,0,1,1,Graduate,Male,106,360,LP001097,N,No,Rural,Yes,641ea6e3c50d2637fbd35c9a
,1667,1,0,Graduate,Male,114,360,LP001098,Y,Yes,Semiurban,No,641ea6e3c50d2637fbd35c9b
,3000,1,3+,Graduate,Male,320,360,LP001100,N,No,Rural,No,641ea6e3c50d2637fbd35c9c
,2067,1,0,Graduate,Male,150,360,LP001106,Y,Yes,Urban,No,641ea6e3c50d2637fbd35c9d
1828,1330,0,0,Graduate,Male,100,null,LP001109,N,Yes,Urban,No,641ea6e3c50d2637fbd35c9e
,1459,1,0,Graduate,Female,144,360,LP001112,Y,Yes,Semiurban,No,641ea6e3c50d2637fbd35c9f
,7210,1,0,Graduate,Male,184,360,LP001114,Y,No,Urban,No,641ea6e3c50d2637fbd35ca0
,1668,1,0,Not Graduate,Male,110,360,LP001116,Y,No,Semiurban,No,641ea6e3c50d2637fbd35ca1
,0,1,0,Graduate,Male,80,360,LP001119,N,No,Urban,No,641ea6e3c50d2637fbd35ca2
1800,1213,1,0,Graduate,Male,47,360,LP001120,Y,No,Urban,No,641ea6e3c50d2637fbd35ca3
,0,null,0,Graduate,Male,75,360,LP001123,Y,Yes,Urban,No,641ea6e3c50d2637fbd35ca4
,2336,1,0,Graduate,Male,134,360,LP001131,Y,Yes,Semiurban,No,641ea6e3c50d2637fbd35ca5
,0,1,0,Not Graduate,Male,96,null,LP001136,Y,Yes,Urban,Yes,641ea6e3c50d2637fbd35ca6
,0,1,0,Graduate,Female,88,null,LP001137,Y,No,Urban,No,641ea6e3c50d2637fbd35ca7
,0,1,1,Graduate,Male,44,360,LP001138,Y,Yes,Urban,No,641ea6e3c50d2637fbd35ca8
,0,1,0,Graduate,Male,144,360,LP001144,Y,Yes,Urban,No,641ea6e3c50d2637fbd35ca9
,3440,0,0,Graduate,Female,120,360,LP001146,N,Yes,Urban,No,641ea6e3c50d2637fbd35caa
,2275,1,0,Graduate,Female,144,360,LP001151,Y,No,Semiurban,No,641ea6e3c50d2637fbd35cab
1928,1644,1,0,Not Graduate,Female,100,360,LP001155,Y,Yes,Semiurban,No,641ea6e3c50d2637fbd35cac
,0,1,0,Graduate,Female,120,360,LP001157,Y,No,Semiurban,No,641ea6e3c50d2637fbd35cad
,0,1,0,Graduate,Female,112,360,LP001164,N,No,Semiurban,No,641ea6e3c50d2637fbd35cae
,0,1,2,Graduate,Male,134,360,LP001179,N,Yes,Urban,No,641ea6e3c50d2637fbd35caf
,0,0,1,Graduate,Female,286,360,LP001186,N,Yes,Urban,Yes,641ea6e3c50d2637fbd35cb0
,1167,1,2,Graduate,Male,97,360,LP001194,Y,Yes,Semiurban,No,641ea6e3c50d2637fbd35cb1
,1591,1,0,Graduate,Male,96,360,LP001195,Y,Yes,Semiurban,No,641ea6e3c50d2637fbd35cb2
,2200,1,0,Graduate,Male,135,360,LP001197,N,Yes,Rural,No,641ea6e3c50d2637fbd35cb3
,2250,1,1,Graduate,Male,180,360,LP001198,Y,Yes,Urban,No,641ea6e3c50d2637fbd35cb4
,2859,1,2,Not Graduate,Male,144,360,LP001199,Y,Yes,Urban,No,641ea6e3c50d2637fbd35cb5
,3796,1,0,Graduate,Male,120,360,LP001205,Y,Yes,Urban,No,641ea6e3c50d2637fbd35cb6
,0,1,3+,Graduate,Male,99,360,LP001206,Y,Yes,Urban,No,641ea6e3c50d2637fbd35cb7
,3449,0,0,Not Graduate,Male,165,180,LP001207,N,Yes,Rural,Yes,641ea6e3c50d2637fbd35cb8
,0,0,1,Graduate,Male,150,360,LP001213,N,Yes,Rural,No,641ea6e3c50d2637fbd35cb9
,0,0,0,Graduate,Female,116,360,LP001222,N,No,Semiurban,No,641ea6e3c50d2637fbd35cba
,4595,1,0,Graduate,Male,258,360,LP001225,N,Yes,Semiurban,No,641ea6e3c50d2637fbd35cbb
,2254,0,0,Not Graduate,Male,126,180,LP001228,N,No,Urban,No,641ea6e3c50d2637fbd35cbc
,0,1,1,Graduate,Male,312,360,LP001233,Y,Yes,Urban,No,641ea6e3c50d2637fbd35cbd
,0,1,3+,Not Graduate,Male,125,60,LP001238,Y,Yes,Urban,Yes,641ea6e3c50d2637fbd35cbe
,0,0,0,Graduate,Female,136,360,LP001241,N,No,Semiurban,No,641ea6e3c50d2637fbd35cbf
,3066,1,0,Graduate,Male,172,360,LP001243,Y,Yes,Urban,No,641ea6e3c50d2637fbd35cc0
1875,1875,1,2,Not Graduate,Male,97,360,LP001245,Y,Yes,Semiurban,Yes,641ea6e3c50d2637fbd35cc1
,0,1,0,Graduate,Male,81,300,LP001248,Y,No,Semiurban,No,641ea6e3c50d2637fbd35cc2
,0,0,3+,Not Graduate,Male,95,null,LP001250,N,Yes,Semiurban,No,641ea6e3c50d2637fbd35cc3
,1774,1,3+,Graduate,Male,187,360,LP001253,Y,Yes,Semiurban,Yes,641ea6e3c50d2637fbd35cc4
,0,1,0,Graduate,Male,113,480,LP001255,N,No,Urban,No,641ea6e3c50d2637fbd35cc5
,4750,1,0,Graduate,Male,176,360,LP001256,N,No,Urban,No,641ea6e3c50d2637fbd35cc6
1000,3022,1,1,Graduate,Male,110,360,LP001259,N,Yes,Urban,Yes,641ea6e3c50d2637fbd35cc7
,4000,0,3+,Graduate,Male,180,300,LP001263,N,Yes,Semiurban,No,641ea6e3c50d2637fbd35cc8
,2166,null,3+,Not Graduate,Male,130,360,LP001264,Y,Yes,Semiurban,Yes,641ea6e3c50d2637fbd35cc9
,0,1,0,Graduate,Female,111,360,LP001265,Y,No,Semiurban,No,641ea6e3c50d2637fbd35cca
,0,1,1,Graduate,Male,150,360,LP001266,Y,Yes,Semiurban,Yes,641ea6e3c50d2637fbd35ccb
1378,1881,1,2,Graduate,Female,167,360,LP001267,N,Yes,Urban,No,641ea6e3c50d2637fbd35ccc
,2250,null,0,Graduate,Male,265,360,LP001273,N,Yes,Semiurban,No,641ea6e3c50d2637fbd35ccd
,0,1,1,Graduate,Male,50,240,LP001275,Y,Yes,Urban,No,641ea6e3c50d2637fbd35cce
,2531,1,0,Graduate,Male,136,360,LP001279,Y,No,Semiurban,No,641ea6e3c50d2637fbd35ccf
,2000,null,2,Not Graduate,Male,99,360,LP001280,Y,Yes,Semiurban,No,641ea6e3c50d2637fbd35cd0
,2118,1,0,Graduate,Male,104,360,LP001282,Y,Yes,Semiurban,No,641ea6e3c50d2637fbd35cd1
,0,1,0,Graduate,Male,210,360,LP001289,Y,No,Urban,No,641ea6e3c50d2637fbd35cd2
,4167,1,0,Graduate,Male,175,360,LP001310,Y,Yes,Semiurban,No,641ea6e3c50d2637fbd35cd3
,2900,1,0,Graduate,Male,131,360,LP001316,Y,Yes,Semiurban,No,641ea6e3c50d2637fbd35cd4
,5654,1,2,Graduate,Male,188,180,LP001318,Y,Yes,Semiurban,No,641ea6e3c50d2637fbd35cd5
,1820,1,2,Not Graduate,Male,81,360,LP001319,Y,Yes,Urban,No,641ea6e3c50d2637fbd35cd6
,0,1,0,Graduate,Male,122,360,LP001322,Y,No,Semiurban,No,641ea6e3c50d2637fbd35cd7
,0,1,0,Not Graduate,Male,25,120,LP001325,Y,No,Semiurban,No,641ea6e3c50d2637fbd35cd8
,0,null,0,Graduate,Male,150,360,LP001326,N,No,Urban,,641ea6e3c50d2637fbd35cd9
,2302,1,0,Graduate,Female,137,360,LP001327,Y,Yes,Semiurban,No,641ea6e3c50d2637fbd35cda
1977,997,1,0,Graduate,Male,50,360,LP001333,Y,Yes,Semiurban,No,641ea6e3c50d2637fbd35cdb
,0,1,0,Not Graduate,Male,115,180,LP001334,Y,Yes,Semiurban,No,641ea6e3c50d2637fbd35cdc
1759,3541,1,0,Graduate,Male,131,360,LP001343,Y,Yes,Semiurban,No,641ea6e3c50d2637fbd35cdd
,3263,1,2,Not Graduate,Male,133,180,LP001345,Y,Yes,Urban,No,641ea6e3c50d2637fbd35cde
,3806,1,0,Graduate,Male,151,360,LP001349,Y,No,Semiurban,No,641ea6e3c50d2637fbd35cdf
,0,1,,Graduate,Male,150,360,LP001350,Y,Yes,Urban,No,641ea6e3c50d2637fbd35ce0
,3583,1,0,Graduate,Male,150,360,LP001356,Y,Yes,Semiurban,No,641ea6e3c50d2637fbd35ce1
,754,1,,Graduate,Male,160,360,LP001357,Y,,Urban,No,641ea6e3c50d2637fbd35ce2
,1030,1,1,Graduate,Male,100,360,LP001367,Y,Yes,Urban,No,641ea6e3c50d2637fbd35ce3
,1126,1,2,Graduate,Male,225,360,LP001369,Y,Yes,Urban,No,641ea6e3c50d2637fbd35ce4
,0,1,0,Not Graduate,Male,120,360,LP001370,N,No,Rural,,641ea6e3c50d2637fbd35ce5
,3600,0,2,Graduate,Male,216,360,LP001379,N,Yes,Urban,No,641ea6e3c50d2637fbd35ce6
,754,1,3+,Not Graduate,Male,94,480,LP001384,Y,Yes,Semiurban,No,641ea6e3c50d2637fbd35ce7
,0,1,0,Graduate,Male,136,360,LP001385,Y,No,Urban,No,641ea6e3c50d2637fbd35ce8
,2333,1,0,Graduate,Female,139,360,LP001387,Y,Yes,Semiurban,,641ea6e3c50d2637fbd35ce9
,4114,0,0,Not Graduate,Male,152,null,LP001391,N,Yes,Rural,No,641ea6e3c50d2637fbd35cea
,0,1,1,Graduate,Female,150,360,LP001392,Y,No,Semiurban,Yes,641ea6e3c50d2637fbd35ceb
,0,1,0,Graduate,Male,118,360,LP001398,Y,No,Semiurban,,641ea6e3c50d2637fbd35cec
,0,1,1,Graduate,Male,185,180,LP001401,Y,Yes,Rural,No,641ea6e3c50d2637fbd35ced
,2283,1,0,Graduate,Female,154,360,LP001404,Y,Yes,Semiurban,No,641ea6e3c50d2637fbd35cee
,1398,null,1,Graduate,Male,85,360,LP001405,Y,Yes,Urban,No,641ea6e3c50d2637fbd35cef
,2142,1,0,Graduate,Male,175,360,LP001421,N,Yes,Rural,No,641ea6e3c50d2637fbd35cf0
,0,1,0,Graduate,Female,259,360,LP001422,Y,No,Urban,No,641ea6e3c50d2637fbd35cf1
,2667,1,,Graduate,Male,180,360,LP001426,Y,Yes,Rural,No,641ea6e3c50d2637fbd35cf2
,0,1,0,Graduate,Female,44,360,LP001430,Y,No,Semiurban,No,641ea6e3c50d2637fbd35cf3
,8980,0,0,Graduate,Female,137,360,LP001431,Y,No,Semiurban,No,641ea6e3c50d2637fbd35cf4
,0,1,2,Graduate,Male,81,360,LP001432,Y,Yes,Semiurban,No,641ea6e3c50d2637fbd35cf5
,2014,1,0,Not Graduate,Male,194,360,LP001439,Y,Yes,Rural,No,641ea6e3c50d2637fbd35cf6
,0,null,0,Graduate,Female,93,360,LP001443,Y,No,Rural,No,641ea6e3c50d2637fbd35cf7
,0,1,3+,Graduate,,370,360,LP001448,Y,Yes,Rural,No,641ea6e3c50d2637fbd35cf8
,1640,1,0,Graduate,Male,150,360,LP001449,Y,No,Rural,No,641ea6e3c50d2637fbd35cf9
,3850,0,1,Graduate,Male,160,180,LP001451,N,Yes,Urban,Yes,641ea6e3c50d2637fbd35cfa
,2569,null,0,Graduate,Male,182,360,LP001465,N,Yes,Rural,No,641ea6e3c50d2637fbd35cfb
,0,null,0,Graduate,Male,650,480,LP001469,Y,No,Urban,Yes,641ea6e3c50d2637fbd35cfc
,1929,1,0,Graduate,Male,74,360,LP001473,Y,No,Urban,No,641ea6e3c50d2637fbd35cfd
,0,1,0,Graduate,Male,70,360,LP001478,Y,No,Semiurban,No,641ea6e3c50d2637fbd35cfe
,0,1,0,Graduate,Male,25,120,LP001482,Y,Yes,Semiurban,Yes,641ea6e3c50d2637fbd35cff
,0,1,0,Graduate,Male,102,360,LP001487,Y,No,Semiurban,No,641ea6e3c50d2637fbd35d00
,7750,1,3+,Graduate,Male,290,360,LP001488,N,Yes,Semiurban,No,641ea6e3c50d2637fbd35d01
,0,1,0,Graduate,Female,84,360,LP001489,N,Yes,Rural,No,641ea6e3c50d2637fbd35d02
,3500,1,2,Graduate,Male,88,360,LP001491,Y,Yes,Urban,Yes,641ea6e3c50d2637fbd35d03
,0,0,0,Graduate,Male,242,360,LP001492,N,No,Semiurban,No,641ea6e3c50d2637fbd35d04
,1430,1,2,Not Graduate,Male,129,360,LP001493,N,Yes,Rural,No,641ea6e3c50d2637fbd35d05
,2083,1,2,Graduate,Male,185,360,LP001497,N,Yes,Rural,No,641ea6e3c50d2637fbd35d06
,0,1,0,Graduate,Male,168,360,LP001498,Y,No,Urban,No,641ea6e3c50d2637fbd35d07
,0,1,0,Graduate,Male,175,180,LP001504,Y,No,Semiurban,Yes,641ea6e3c50d2637fbd35d08
,2034,1,0,Graduate,Male,122,360,LP001507,Y,Yes,Semiurban,No,641ea6e3c50d2637fbd35d09
,0,1,2,Graduate,Male,187,180,LP001508,Y,Yes,Urban,No,641ea6e3c50d2637fbd35d0a
,4486,1,0,Graduate,Female,100,360,LP001514,Y,Yes,Semiurban,No,641ea6e3c50d2637fbd35d0b
,0,1,2,Graduate,Female,70,360,LP001516,Y,Yes,Urban,No,641ea6e3c50d2637fbd35d0c
1538,1425,1,1,Graduate,Male,30,360,LP001518,Y,Yes,Urban,No,641ea6e3c50d2637fbd35d0d
,1666,1,0,Graduate,Female,225,360,LP001519,N,No,Rural,No,641ea6e3c50d2637fbd35d0e
,830,1,0,Graduate,Male,125,360,LP001520,Y,Yes,Semiurban,No,641ea6e3c50d2637fbd35d0f
,0,0,0,Graduate,Male,118,360,LP001528,N,No,Rural,No,641ea6e3c50d2637fbd35d10
,3750,1,0,Graduate,Male,152,360,LP001529,Y,Yes,Rural,Yes,641ea6e3c50d2637fbd35d11
,0,1,0,Graduate,Male,244,360,LP001531,N,No,Urban,No,641ea6e3c50d2637fbd35d12
,0,1,2,Not Graduate,Male,113,360,LP001532,N,Yes,Rural,No,641ea6e3c50d2637fbd35d13
,0,1,0,Graduate,Male,50,360,LP001535,Y,No,Urban,No,641ea6e3c50d2637fbd35d14
,0,0,3+,Graduate,Male,600,180,LP001536,Y,Yes,Semiurban,No,641ea6e3c50d2637fbd35d15
,0,null,1,Graduate,Male,160,360,LP001541,Y,Yes,Rural,No,641ea6e3c50d2637fbd35d16
,0,1,1,Graduate,Male,187,360,LP001543,Y,Yes,Urban,No,641ea6e3c50d2637fbd35d17
,2083,1,0,Graduate,Male,120,360,LP001546,Y,No,Rural,,641ea6e3c50d2637fbd35d18
,5625,1,0,Graduate,Male,255,360,LP001552,Y,Yes,Semiurban,No,641ea6e3c50d2637fbd35d19
1863,1041,1,0,Not Graduate,Male,98,360,LP001560,Y,Yes,Semiurban,No,641ea6e3c50d2637fbd35d1a
,0,1,0,Graduate,Male,275,360,LP001562,N,Yes,Urban,No,641ea6e3c50d2637fbd35d1b
,1280,0,1,Graduate,Male,121,360,LP001565,N,Yes,Semiurban,No,641ea6e3c50d2637fbd35d1c
,1447,1,2,Graduate,Male,158,360,LP001570,Y,Yes,Rural,No,641ea6e3c50d2637fbd35d1d
,0,1,0,Graduate,Male,75,180,LP001572,Y,Yes,Urban,No,641ea6e3c50d2637fbd35d1e
,3166,1,0,Graduate,Male,182,null,LP001574,Y,Yes,Rural,No,641ea6e3c50d2637fbd35d1f
,0,1,0,Graduate,Female,112,360,LP001577,N,Yes,Rural,No,641ea6e3c50d2637fbd35d20
,3333,1,0,Graduate,Male,129,360,LP001578,Y,Yes,Rural,No,641ea6e3c50d2637fbd35d21
,0,0,0,Graduate,Male,63,480,LP001579,N,No,Semiurban,No,641ea6e3c50d2637fbd35d22
,0,1,2,Graduate,Male,200,360,LP001580,Y,Yes,Semiurban,No,641ea6e3c50d2637fbd35d23
1820,1769,1,0,Not Graduate,Male,95,360,LP001581,Y,Yes,Rural,,641ea6e3c50d2637fbd35d24
,0,1,3+,Graduate,,700,300,LP001585,Y,Yes,Urban,No,641ea6e3c50d2637fbd35d25
,0,1,3+,Not Graduate,Male,81,180,LP001586,N,Yes,Rural,No,641ea6e3c50d2637fbd35d26
,5625,1,0,Graduate,Male,187,360,LP001594,Y,Yes,Semiurban,No,641ea6e3c50d2637fbd35d27
,736,1,0,Not Graduate,Male,87,360,LP001603,N,Yes,Semiurban,Yes,641ea6e3c50d2637fbd35d28
,1964,1,0,Graduate,Male,116,360,LP001606,Y,Yes,Rural,No,641ea6e3c50d2637fbd35d29
,1619,1,2,Graduate,Male,101,360,LP001608,Y,Yes,Rural,No,641ea6e3c50d2637fbd35d2a
,11300,0,3+,Graduate,Male,495,360,LP001610,N,Yes,Semiurban,No,641ea6e3c50d2637fbd35d2b
,0,1,1,Graduate,Male,116,360,LP001616,Y,Yes,Semiurban,No,641ea6e3c50d2637fbd35d2c
,1451,0,0,Not Graduate,Male,102,480,LP001630,N,No,Urban,No,641ea6e3c50d2637fbd35d2d
,7250,0,1,Graduate,Male,180,360,LP001633,N,Yes,Urban,No,641ea6e3c50d2637fbd35d2e
1916,5063,null,0,Graduate,Male,67,360,LP001634,N,No,Rural,No,641ea6e3c50d2637fbd35d2f
,0,1,0,Graduate,Male,73,180,LP001636,Y,Yes,Semiurban,No,641ea6e3c50d2637fbd35d30
,0,1,1,Graduate,Male,260,360,LP001637,N,Yes,Semiurban,No,641ea6e3c50d2637fbd35d31
,0,1,0,Graduate,Female,108,360,LP001639,Y,Yes,Semiurban,No,641ea6e3c50d2637fbd35d32
,4750,1,0,Graduate,Male,120,360,LP001640,Y,Yes,Semiurban,Yes,641ea6e3c50d2637fbd35d33
,0,0,1,Graduate,Male,66,300,LP001641,N,Yes,Rural,Yes,641ea6e3c50d2637fbd35d34
,2138,null,0,Graduate,Male,58,360,LP001643,Y,Yes,Rural,No,641ea6e3c50d2637fbd35d35
674,5296,1,0,Graduate,,168,360,LP001644,Y,Yes,Rural,Yes,641ea6e3c50d2637fbd35d36
,0,1,0,Graduate,Male,188,180,LP001647,Y,Yes,Rural,No,641ea6e3c50d2637fbd35d37
,0,1,0,Not Graduate,Male,48,360,LP001653,Y,No,Rural,No,641ea6e3c50d2637fbd35d38
,0,1,0,Graduate,Male,164,360,LP001656,N,No,Semiurban,No,641ea6e3c50d2637fbd35d39
,0,1,0,Not Graduate,Male,160,360,LP001657,N,Yes,Urban,No,641ea6e3c50d2637fbd35d3a
,0,1,0,Graduate,Male,76,360,LP001658,Y,No,Semiurban,No,641ea6e3c50d2637fbd35d3b
,0,1,0,Graduate,Male,120,360,LP001664,Y,No,Rural,No,641ea6e3c50d2637fbd35d3c
,2583,1,1,Graduate,Male,170,360,LP001665,N,Yes,Semiurban,No,641ea6e3c50d2637fbd35d3d
,3750,1,0,Graduate,Male,187,360,LP001666,Y,No,Rural,No,641ea6e3c50d2637fbd35d3e
1907,2365,1,0,Not Graduate,Female,120,null,LP001669,Y,No,Urban,No,641ea6e3c50d2637fbd35d3f
,2816,null,0,Graduate,Female,113,360,LP001671,Y,Yes,Semiurban,No,641ea6e3c50d2637fbd35d40
,0,1,0,Graduate,Male,83,360,LP001673,N,No,Urban,Yes,641ea6e3c50d2637fbd35d41
,2500,1,1,Not Graduate,Male,90,360,LP001674,Y,Yes,Semiurban,No,641ea6e3c50d2637fbd35d42
,0,0,2,Graduate,Male,166,360,LP001677,Y,No,Semiurban,No,641ea6e3c50d2637fbd35d43
,0,1,3+,Not Graduate,Male,150,180,LP001682,N,Yes,Urban,No,641ea6e3c50d2637fbd35d44
,1083,1,1,Not Graduate,Male,135,360,LP001688,Y,Yes,Urban,No,641ea6e3c50d2637fbd35d45
,0,1,2,Not Graduate,Male,124,360,LP001691,Y,Yes,Semiurban,No,641ea6e3c50d2637fbd35d46
,0,1,0,Not Graduate,Female,120,360,LP001692,Y,No,Semiurban,No,641ea6e3c50d2637fbd35d47
,0,1,0,Graduate,Female,80,360,LP001693,Y,No,Urban,No,641ea6e3c50d2637fbd35d48
,2531,1,0,Not Graduate,Male,55,360,LP001698,Y,No,Rural,No,641ea6e3c50d2637fbd35d49
,0,1,0,Graduate,Male,59,360,LP001699,Y,No,Urban,No,641ea6e3c50d2637fbd35d4a
,0,1,0,Graduate,Male,127,360,LP001702,N,No,Semiurban,No,641ea6e3c50d2637fbd35d4b
,0,1,0,Graduate,Female,214,360,LP001708,N,No,Semiurban,No,641ea6e3c50d2637fbd35d4c
,1250,0,3+,Graduate,Male,128,360,LP001711,N,Yes,Semiurban,No,641ea6e3c50d2637fbd35d4d
,0,1,1,Graduate,Male,240,360,LP001713,Y,Yes,Urban,Yes,641ea6e3c50d2637fbd35d4e
,0,1,3+,Not Graduate,Male,130,360,LP001715,Y,Yes,Rural,Yes,641ea6e3c50d2637fbd35d4f
,3021,1,0,Graduate,Male,137,360,LP001716,Y,Yes,Urban,No,641ea6e3c50d2637fbd35d50
,983,1,3+,Not Graduate,Male,100,360,LP001720,Y,Yes,Semiurban,No,641ea6e3c50d2637fbd35d51
150,1800,1,0,Graduate,Male,135,360,LP001722,N,Yes,Rural,No,641ea6e3c50d2637fbd35d52
,1775,1,0,Graduate,Male,131,360,LP001726,Y,Yes,Semiurban,No,641ea6e3c50d2637fbd35d53
,0,0,2,Graduate,Male,72,360,LP001732,N,Yes,Semiurban,,641ea6e3c50d2637fbd35d54
,2383,null,2,Graduate,Female,127,360,LP001734,Y,Yes,Semiurban,No,641ea6e3c50d2637fbd35d55
,0,0,0,Graduate,Male,60,360,LP001736,N,Yes,Urban,No,641ea6e3c50d2637fbd35d56
,1717,1,2,Graduate,Male,116,360,LP001743,Y,Yes,Semiurban,No,641ea6e3c50d2637fbd35d57
,2791,1,0,Graduate,Male,144,360,LP001744,Y,No,Semiurban,No,641ea6e3c50d2637fbd35d58
,1010,1,0,Graduate,Male,175,null,LP001749,Y,Yes,Semiurban,No,641ea6e3c50d2637fbd35d59
,0,1,0,Graduate,Male,128,360,LP001750,Y,Yes,Semiurban,No,641ea6e3c50d2637fbd35d5a
,0,1,0,Graduate,Male,170,360,LP001751,N,Yes,Rural,No,641ea6e3c50d2637fbd35d5b
,0,1,,Not Graduate,Male,138,360,LP001754,N,Yes,Urban,Yes,641ea6e3c50d2637fbd35d5c
,1695,1,2,Graduate,Male,210,360,LP001758,Y,Yes,Semiurban,No,641ea6e3c50d2637fbd35d5d
,0,1,,Graduate,Male,158,480,LP001760,Y,,Semiurban,No,641ea6e3c50d2637fbd35d5e
,0,1,0,Graduate,Male,200,360,LP001761,Y,No,Rural,Yes,641ea6e3c50d2637fbd35d5f
,2054,1,1,Graduate,Male,104,360,LP001765,Y,Yes,Semiurban,No,641ea6e3c50d2637fbd35d60
,0,1,0,Graduate,Male,42,180,LP001768,Y,Yes,Rural,,641ea6e3c50d2637fbd35d61
,2598,1,0,Not Graduate,Male,120,null,LP001770,Y,No,Rural,No,641ea6e3c50d2637fbd35d62
,0,1,0,Graduate,Female,280,360,LP001776,Y,No,Semiurban,No,641ea6e3c50d2637fbd35d63
,1779,1,1,Graduate,Male,140,360,LP001778,Y,Yes,Semiurban,No,641ea6e3c50d2637fbd35d64
,1260,1,1,Graduate,Male,170,360,LP001784,Y,Yes,Rural,No,641ea6e3c50d2637fbd35d65
,0,null,0,Graduate,Male,255,360,LP001786,N,Yes,Urban,,641ea6e3c50d2637fbd35d66
,0,null,0,Graduate,Female,122,360,LP001788,Y,No,Urban,Yes,641ea6e3c50d2637fbd35d67
,0,1,1,Graduate,Female,112,360,LP001790,Y,No,Rural,No,641ea6e3c50d2637fbd35d68
,0,1,1,Graduate,Male,96,360,LP001792,Y,Yes,Semiurban,No,641ea6e3c50d2637fbd35d69
,5000,1,2,Graduate,Male,120,360,LP001798,Y,Yes,Rural,No,641ea6e3c50d2637fbd35d6a
,1983,1,1,Not Graduate,Male,140,180,LP001800,N,Yes,Urban,No,641ea6e3c50d2637fbd35d6b
,5701,1,0,Graduate,Male,155,60,LP001806,Y,No,Urban,No,641ea6e3c50d2637fbd35d6c
,1300,1,2,Graduate,Male,108,360,LP001807,Y,Yes,Rural,Yes,641ea6e3c50d2637fbd35d6d
,4417,1,0,Not Graduate,Male,123,360,LP001811,Y,Yes,Semiurban,No,641ea6e3c50d2637fbd35d6e
,4333,1,0,Graduate,Male,120,180,LP001813,N,No,Urban,Yes,641ea6e3c50d2637fbd35d6f
,0,1,2,Graduate,Male,112,360,LP001814,Y,Yes,Urban,No,641ea6e3c50d2637fbd35d70
,0,1,1,Not Graduate,Male,137,180,LP001819,Y,Yes,Urban,No,641ea6e3c50d2637fbd35d71
,1843,1,1,Graduate,Male,123,480,LP001824,Y,Yes,Semiurban,No,641ea6e3c50d2637fbd35d72
1809,1868,1,0,Graduate,Male,90,360,LP001825,Y,Yes,Urban,No,641ea6e3c50d2637fbd35d73
1668,3890,0,0,Not Graduate,Male,201,360,LP001835,N,Yes,Semiurban,No,641ea6e3c50d2637fbd35d74
,0,1,2,Graduate,Female,138,360,LP001836,N,No,Urban,No,641ea6e3c50d2637fbd35d75
,2167,1,0,Not Graduate,Male,104,360,LP001841,Y,No,Rural,Yes,641ea6e3c50d2637fbd35d76
,7101,1,1,Not Graduate,Male,279,180,LP001843,Y,Yes,Semiurban,No,641ea6e3c50d2637fbd35d77
,0,0,0,Graduate,Male,192,360,LP001844,N,No,Urban,Yes,641ea6e3c50d2637fbd35d78
,0,1,3+,Graduate,Female,255,360,LP001846,Y,No,Rural,No,641ea6e3c50d2637fbd35d79
,0,0,0,Not Graduate,Male,115,360,LP001849,N,No,Rural,No,641ea6e3c50d2637fbd35d7a
,0,1,3+,Graduate,Male,94,360,LP001854,N,Yes,Urban,No,641ea6e3c50d2637fbd35d7b
,2100,1,0,Graduate,Male,304,360,LP001859,N,Yes,Rural,No,641ea6e3c50d2637fbd35d7c
,0,null,3+,Not Graduate,Male,128,360,LP001864,N,Yes,Semiurban,No,641ea6e3c50d2637fbd35d7d
,4250,null,1,Graduate,Male,330,360,LP001865,Y,Yes,Urban,No,641ea6e3c50d2637fbd35d7e
,2209,1,0,Graduate,Male,134,360,LP001868,Y,No,Semiurban,No,641ea6e3c50d2637fbd35d7f
,0,1,1,Graduate,Female,155,36,LP001870,N,No,Semiurban,No,641ea6e3c50d2637fbd35d80
,0,1,0,Graduate,Female,120,360,LP001871,Y,No,Rural,No,641ea6e3c50d2637fbd35d81
,0,1,0,Graduate,Male,128,360,LP001872,Y,No,Semiurban,Yes,641ea6e3c50d2637fbd35d82
,3447,1,0,Graduate,Male,151,360,LP001875,Y,No,Rural,No,641ea6e3c50d2637fbd35d83
,1387,1,2,Graduate,Male,150,360,LP001877,Y,Yes,Semiurban,No,641ea6e3c50d2637fbd35d84
,1811,0,3+,Graduate,Male,160,360,LP001882,Y,Yes,Urban,No,641ea6e3c50d2637fbd35d85
,0,1,0,Graduate,Female,135,360,LP001883,N,No,Rural,,641ea6e3c50d2637fbd35d86
,1560,1,1,Graduate,Female,90,360,LP001884,Y,No,Urban,No,641ea6e3c50d2637fbd35d87
,0,1,0,Graduate,Female,30,360,LP001888,Y,No,Urban,No,641ea6e3c50d2637fbd35d88
,0,1,0,Graduate,Male,136,360,LP001891,Y,Yes,Urban,No,641ea6e3c50d2637fbd35d89
,1857,1,0,Graduate,Male,126,360,LP001892,Y,No,Rural,No,641ea6e3c50d2637fbd35d8a
,2223,1,0,Graduate,Male,150,360,LP001894,Y,Yes,Semiurban,No,641ea6e3c50d2637fbd35d8b
,0,1,2,Graduate,Male,90,360,LP001896,Y,Yes,Semiurban,No,641ea6e3c50d2637fbd35d8c
,1842,1,1,Graduate,Male,115,360,LP001900,Y,Yes,Semiurban,No,641ea6e3c50d2637fbd35d8d
,3274,1,0,Graduate,Male,207,360,LP001903,Y,Yes,Semiurban,No,641ea6e3c50d2637fbd35d8e
,1300,1,0,Graduate,Male,80,360,LP001904,Y,Yes,Urban,No,641ea6e3c50d2637fbd35d8f
,0,1,0,Graduate,Male,436,360,LP001907,Y,Yes,Semiurban,No,641ea6e3c50d2637fbd35d90
,0,null,0,Not Graduate,Female,124,360,LP001908,Y,Yes,Rural,No,641ea6e3c50d2637fbd35d91
,2426,0,1,Not Graduate,Male,158,360,LP001910,N,No,Urban,Yes,641ea6e3c50d2637fbd35d92
,800,1,0,Graduate,Male,112,360,LP001914,Y,Yes,Semiurban,No,641ea6e3c50d2637fbd35d93
,985.7999878,1,2,Graduate,Male,78,180,LP001915,Y,Yes,Urban,No,641ea6e3c50d2637fbd35d94
1811,1666,1,0,Graduate,Female,54,360,LP001917,Y,No,Urban,No,641ea6e3c50d2637fbd35d95
,0,1,0,Graduate,Male,150,360,LP001922,N,Yes,Rural,No,641ea6e3c50d2637fbd35d96
,3053,1,0,Graduate,Male,89,360,LP001924,Y,No,Rural,No,641ea6e3c50d2637fbd35d97
,1717,1,0,Graduate,Female,99,300,LP001925,N,No,Semiurban,Yes,641ea6e3c50d2637fbd35d98
,2000,1,0,Graduate,Male,120,360,LP001926,Y,Yes,Rural,No,641ea6e3c50d2637fbd35d99
,0,1,0,Graduate,Female,115,360,LP001931,Y,No,Semiurban,No,641ea6e3c50d2637fbd35d9a
,0,1,0,Graduate,Male,187,360,LP001935,Y,No,Rural,No,641ea6e3c50d2637fbd35d9b
,2416,1,0,Graduate,Male,139,360,LP001936,Y,Yes,Rural,No,641ea6e3c50d2637fbd35d9c
,0,0,2,Graduate,Male,127,360,LP001938,N,Yes,Semiurban,No,641ea6e3c50d2637fbd35d9d
,1560,1,2,Graduate,Male,134,360,LP001940,Y,Yes,Urban,No,641ea6e3c50d2637fbd35d9e
,0,0,,Graduate,Female,143,480,LP001945,N,No,Urban,No,641ea6e3c50d2637fbd35d9f
,3334,1,0,Graduate,Male,172,360,LP001947,Y,Yes,Semiurban,No,641ea6e3c50d2637fbd35da0
,1250,1,3+,Graduate,Male,110,360,LP001949,Y,Yes,Urban,,641ea6e3c50d2637fbd35da1
,0,1,1,Graduate,Male,200,360,LP001953,Y,Yes,Semiurban,No,641ea6e3c50d2637fbd35da2
,0,1,1,Graduate,Female,135,360,LP001954,Y,Yes,Urban,No,641ea6e3c50d2637fbd35da3
,2541,1,0,Graduate,Female,151,480,LP001955,N,No,Rural,No,641ea6e3c50d2637fbd35da4
,2925,1,1,Graduate,Male,113,360,LP001963,N,Yes,Urban,No,641ea6e3c50d2637fbd35da5
1800,2934,0,0,Not Graduate,Male,93,360,LP001964,N,Yes,Urban,No,641ea6e3c50d2637fbd35da6
,1750,1,,Not Graduate,Male,105,360,LP001972,Y,Yes,Semiurban,No,641ea6e3c50d2637fbd35da7
,0,1,0,Graduate,Female,132,360,LP001974,Y,No,Rural,No,641ea6e3c50d2637fbd35da8
1625,1803,1,1,Graduate,Male,96,360,LP001977,Y,Yes,Urban,No,641ea6e3c50d2637fbd35da9
,2500,1,0,Graduate,Male,140,360,LP001978,Y,No,Rural,No,641ea6e3c50d2637fbd35daa
2000,0,1,0,Not Graduate,Male,150,360,LP001990,N,No,Urban,No,641ea6e3c50d2637fbd35dab
,1666,1,0,Graduate,Female,135,360,LP001993,Y,No,Rural,No,641ea6e3c50d2637fbd35dac
,1863,0,0,Graduate,Female,104,360,LP001994,N,No,Urban,No,641ea6e3c50d2637fbd35dad
,0,1,0,Graduate,Male,480,360,LP001996,N,No,Rural,No,641ea6e3c50d2637fbd35dae
,0,null,2,Not Graduate,Male,185,360,LP001998,Y,Yes,Rural,No,641ea6e3c50d2637fbd35daf
,0,1,0,Graduate,Female,84,360,LP002002,Y,No,Semiurban,No,641ea6e3c50d2637fbd35db0
,2405,1,0,Not Graduate,Male,111,360,LP002004,Y,No,Semiurban,No,641ea6e3c50d2637fbd35db1
,0,1,0,Graduate,Female,56,360,LP002006,Y,No,Rural,No,641ea6e3c50d2637fbd35db2
,0,null,2,Graduate,Male,144,84,LP002008,Y,Yes,Rural,Yes,641ea6e3c50d2637fbd35db3
,1843,1,0,Graduate,,159,360,LP002024,N,Yes,Rural,No,641ea6e3c50d2637fbd35db4
,1640,1,1,Not Graduate,Male,111,180,LP002031,Y,Yes,Urban,No,641ea6e3c50d2637fbd35db5
,0,1,2,Graduate,Male,120,360,LP002035,Y,Yes,Semiurban,No,641ea6e3c50d2637fbd35db6
,2134,null,0,Graduate,Male,88,360,LP002036,Y,Yes,Urban,No,641ea6e3c50d2637fbd35db7
,0,null,1,Graduate,Female,112,360,LP002043,Y,No,Semiurban,No,641ea6e3c50d2637fbd35db8
,0,1,1,Graduate,Male,155,360,LP002050,N,Yes,Rural,Yes,641ea6e3c50d2637fbd35db9
,2167,1,0,Graduate,Male,115,360,LP002051,Y,Yes,Semiurban,No,641ea6e3c50d2637fbd35dba
,189,1,3+,Graduate,Male,124,360,LP002053,Y,Yes,Semiurban,No,641ea6e3c50d2637fbd35dbb
,1590,1,2,Not Graduate,Male,150,360,LP002054,Y,Yes,Rural,No,641ea6e3c50d2637fbd35dbc
,2985,null,0,Graduate,Female,132,360,LP002055,Y,No,Rural,No,641ea6e3c50d2637fbd35dbd
,0,1,3+,Graduate,Male,300,360,LP002065,Y,Yes,Rural,No,641ea6e3c50d2637fbd35dbe
,4983,0,1,Graduate,Male,376,360,LP002067,N,Yes,Rural,Yes,641ea6e3c50d2637fbd35dbf
,0,0,0,Graduate,Male,130,360,LP002068,Y,No,Rural,No,641ea6e3c50d2637fbd35dc0
,2160,1,0,Graduate,Male,184,360,LP002082,Y,Yes,Semiurban,Yes,641ea6e3c50d2637fbd35dc1
,2451,1,0,Graduate,Female,110,360,LP002086,N,Yes,Urban,No,641ea6e3c50d2637fbd35dc2
,0,1,0,Graduate,Female,67,360,LP002087,Y,No,Urban,No,641ea6e3c50d2637fbd35dc3
,1793,1,1,Graduate,Male,117,360,LP002097,Y,No,Urban,No,641ea6e3c50d2637fbd35dc4
,0,1,0,Graduate,Male,98,360,LP002098,Y,No,Semiurban,No,641ea6e3c50d2637fbd35dc5
,0,1,,Graduate,Male,71,360,LP002100,Y,No,Urban,No,641ea6e3c50d2637fbd35dc6
,0,1,0,Graduate,Male,490,180,LP002101,Y,Yes,Urban,,641ea6e3c50d2637fbd35dc7
,1833,1,1,Graduate,,182,180,LP002103,Y,Yes,Urban,Yes,641ea6e3c50d2637fbd35dc8
,4490,1,,Graduate,Male,70,null,LP002106,Y,Yes,Semiurban,Yes,641ea6e3c50d2637fbd35dc9
,688,1,1,Graduate,Male,160,360,LP002110,Y,Yes,Rural,,641ea6e3c50d2637fbd35dca
,4600,1,2,Graduate,Male,176,360,LP002112,Y,Yes,Rural,Yes,641ea6e3c50d2637fbd35dcb
1830,0,0,3+,Not Graduate,Female,150,360,LP002113,N,No,Urban,No,641ea6e3c50d2637fbd35dcc
,0,1,0,Graduate,Female,71,360,LP002114,Y,No,Semiurban,No,641ea6e3c50d2637fbd35dcd
,1587,1,3+,Not Graduate,Male,173,360,LP002115,N,Yes,Rural,No,641ea6e3c50d2637fbd35dce
,0,1,0,Graduate,Female,46,360,LP002116,N,No,Rural,No,641ea6e3c50d2637fbd35dcf
,1229,1,1,Not Graduate,Male,158,360,LP002119,Y,Yes,Urban,No,641ea6e3c50d2637fbd35dd0
,0,1,3+,Not Graduate,Male,74,360,LP002126,Y,Yes,Semiurban,No,641ea6e3c50d2637fbd35dd1
,2330,1,2,Graduate,Male,125,360,LP002128,Y,Yes,Rural,,641ea6e3c50d2637fbd35dd2
,2458,1,0,Graduate,Male,160,360,LP002129,Y,Yes,Semiurban,No,641ea6e3c50d2637fbd35dd3
,3230,0,,Not Graduate,Male,152,360,LP002130,N,Yes,Rural,No,641ea6e3c50d2637fbd35dd4
,2168,1,2,Not Graduate,Male,126,360,LP002131,Y,Yes,Urban,No,641ea6e3c50d2637fbd35dd5
,4583,null,0,Graduate,Male,259,360,LP002137,Y,Yes,Semiurban,No,641ea6e3c50d2637fbd35dd6
,6250,1,0,Graduate,Male,187,360,LP002138,Y,Yes,Rural,No,641ea6e3c50d2637fbd35dd7
,0,1,0,Graduate,Male,228,360,LP002139,Y,Yes,Semiurban,No,641ea6e3c50d2637fbd35dd8
,4167,1,0,Graduate,Male,308,360,LP002140,N,No,Rural,No,641ea6e3c50d2637fbd35dd9
,2083,1,3+,Graduate,Male,95,360,LP002141,Y,Yes,Rural,No,641ea6e3c50d2637fbd35dda
,0,0,0,Graduate,Female,105,360,LP002142,N,Yes,Rural,Yes,641ea6e3c50d2637fbd35ddb
,505,1,0,Graduate,Female,130,360,LP002143,Y,Yes,Semiurban,No,641ea6e3c50d2637fbd35ddc
,0,1,,Graduate,Female,116,180,LP002144,Y,No,Urban,No,641ea6e3c50d2637fbd35ddd
,3167,1,2,Graduate,Male,165,360,LP002149,Y,Yes,Rural,No,641ea6e3c50d2637fbd35dde
,0,1,1,Graduate,Male,67,360,LP002151,N,Yes,Urban,No,641ea6e3c50d2637fbd35ddf
,1666,0,0,Not Graduate,Male,100,480,LP002158,N,Yes,Urban,No,641ea6e3c50d2637fbd35de0
,3167,1,3+,Graduate,Male,200,360,LP002160,Y,Yes,Semiurban,No,641ea6e3c50d2637fbd35de1
,0,1,1,Graduate,Female,81,360,LP002161,N,No,Semiurban,No,641ea6e3c50d2637fbd35de2
,3667,1,2,Graduate,Male,236,360,LP002170,Y,Yes,Semiurban,No,641ea6e3c50d2637fbd35de3
,2333,1,0,Graduate,Male,130,360,LP002175,Y,Yes,Urban,No,641ea6e3c50d2637fbd35de4
,3033,null,0,Graduate,Male,95,300,LP002178,Y,Yes,Urban,No,641ea6e3c50d2637fbd35de5
,0,1,0,Graduate,Male,141,360,LP002180,Y,No,Rural,Yes,641ea6e3c50d2637fbd35de6
,0,1,0,Not Graduate,Male,133,360,LP002181,N,No,Rural,No,641ea6e3c50d2637fbd35de7
,0,1,0,Graduate,Male,96,480,LP002187,N,No,Semiurban,No,641ea6e3c50d2637fbd35de8
,0,0,0,Graduate,Male,124,null,LP002188,N,No,Rural,No,641ea6e3c50d2637fbd35de9
,0,1,1,Graduate,Male,175,360,LP002190,Y,Yes,Semiurban,No,641ea6e3c50d2637fbd35dea
,5266,1,0,Graduate,Male,570,360,LP002191,N,Yes,Rural,No,641ea6e3c50d2637fbd35deb
,0,1,0,Graduate,Female,55,360,LP002194,Y,No,Semiurban,Yes,641ea6e3c50d2637fbd35dec
,0,1,2,Graduate,Male,155,360,LP002197,Y,Yes,Semiurban,No,641ea6e3c50d2637fbd35ded
,7873,1,2,Graduate,Male,380,300,LP002201,Y,Yes,Rural,Yes,641ea6e3c50d2637fbd35dee
,1987,0,1,Graduate,Male,111,180,LP002205,N,No,Urban,No,641ea6e3c50d2637fbd35def
,1459,1,0,Graduate,Female,110,360,LP002209,Y,No,Urban,,641ea6e3c50d2637fbd35df0
,923,1,0,Graduate,Male,120,180,LP002211,Y,Yes,Urban,No,641ea6e3c50d2637fbd35df1
,4996,1,3+,Graduate,Male,130,360,LP002219,Y,Yes,Rural,No,641ea6e3c50d2637fbd35df2
,0,null,0,Graduate,Male,130,360,LP002223,Y,Yes,Semiurban,No,641ea6e3c50d2637fbd35df3
,0,1,0,Graduate,Male,71,480,LP002224,N,No,Urban,No,641ea6e3c50d2637fbd35df4
,0,1,2,Graduate,Male,130,360,LP002225,Y,Yes,Urban,No,641ea6e3c50d2637fbd35df5
,2500,1,0,Graduate,Male,128,360,LP002226,Y,Yes,Semiurban,,641ea6e3c50d2637fbd35df6
,4232,1,0,Graduate,Male,296,360,LP002229,Y,No,Semiurban,No,641ea6e3c50d2637fbd35df7
,0,1,0,Graduate,Female,156,360,LP002231,Y,No,Urban,No,641ea6e3c50d2637fbd35df8
,0,1,0,Graduate,Male,128,360,LP002234,Y,No,Urban,Yes,641ea6e3c50d2637fbd35df9
,0,1,2,Graduate,Male,100,360,LP002236,N,Yes,Urban,No,641ea6e3c50d2637fbd35dfa
,0,1,1,Graduate,Male,113,180,LP002237,Y,No,Urban,,641ea6e3c50d2637fbd35dfb
,1600,1,0,Not Graduate,Male,132,360,LP002239,Y,No,Semiurban,No,641ea6e3c50d2637fbd35dfc
,3136,0,0,Not Graduate,Male,150,360,LP002243,N,Yes,Urban,No,641ea6e3c50d2637fbd35dfd
,2417,1,0,Graduate,Male,136,360,LP002244,Y,Yes,Urban,No,641ea6e3c50d2637fbd35dfe
,0,1,0,Graduate,Male,125,360,LP002250,Y,Yes,Rural,No,641ea6e3c50d2637fbd35dff
,0,1,3+,Graduate,Male,185,360,LP002255,Y,No,Rural,No,641ea6e3c50d2637fbd35e00
,0,1,3+,Graduate,Male,275,360,LP002262,Y,Yes,Rural,No,641ea6e3c50d2637fbd35e01
,2115,null,0,Graduate,Male,120,360,LP002263,Y,Yes,Urban,No,641ea6e3c50d2637fbd35e02
1993,1625,1,2,Not Graduate,Male,113,180,LP002265,Y,Yes,Semiurban,No,641ea6e3c50d2637fbd35e03
,1400,1,2,Graduate,Male,113,360,LP002266,Y,Yes,Urban,No,641ea6e3c50d2637fbd35e04
,484,null,2,Graduate,Male,135,360,LP002272,Y,Yes,Semiurban,No,641ea6e3c50d2637fbd35e05
,0,0,0,Graduate,Female,71,360,LP002277,N,No,Urban,No,641ea6e3c50d2637fbd35e06
,1459,1,0,Graduate,Male,95,360,LP002281,Y,Yes,Urban,No,641ea6e3c50d2637fbd35e07
,1666,1,0,Not Graduate,Male,109,360,LP002284,Y,No,Rural,No,641ea6e3c50d2637fbd35e08
1500,1800,0,0,Graduate,Female,103,360,LP002287,N,No,Semiurban,No,641ea6e3c50d2637fbd35e09
,0,0,2,Not Graduate,Male,45,180,LP002288,N,Yes,Urban,No,641ea6e3c50d2637fbd35e0a
,0,1,0,Not Graduate,Male,65,300,LP002296,N,No,Rural,No,641ea6e3c50d2637fbd35e0b
,20000,1,0,Graduate,Male,103,360,LP002297,Y,No,Semiurban,No,641ea6e3c50d2637fbd35e0c
1963,0,1,0,Not Graduate,Female,53,360,LP002300,Y,No,Semiurban,No,641ea6e3c50d2637fbd35e0d
,0,1,0,Graduate,Female,194,360,LP002301,N,No,Rural,Yes,641ea6e3c50d2637fbd35e0e
,0,1,0,Graduate,Female,115,360,LP002305,Y,No,Semiurban,No,641ea6e3c50d2637fbd35e0f
,2400,1,0,Not Graduate,Male,115,360,LP002308,Y,Yes,Urban,No,641ea6e3c50d2637fbd35e10
,0,1,0,Not Graduate,Female,66,360,LP002314,Y,No,Rural,No,641ea6e3c50d2637fbd35e11
,0,0,1,Graduate,Male,152,300,LP002315,N,Yes,Semiurban,No,641ea6e3c50d2637fbd35e12
,0,0,3+,Graduate,Male,360,360,LP002317,N,Yes,Rural,No,641ea6e3c50d2637fbd35e13
,0,1,1,Not Graduate,Female,62,360,LP002318,N,No,Semiurban,Yes,641ea6e3c50d2637fbd35e14
,0,null,0,Graduate,Male,160,360,LP002319,Y,Yes,Urban,,641ea6e3c50d2637fbd35e15
,0,0,0,Not Graduate,Male,218,360,LP002328,N,Yes,Rural,No,641ea6e3c50d2637fbd35e16
,2033,1,0,Not Graduate,Male,110,360,LP002332,Y,Yes,Rural,No,641ea6e3c50d2637fbd35e17
,3237,0,0,Not Graduate,Female,178,360,LP002335,N,Yes,Semiurban,No,641ea6e3c50d2637fbd35e18
,0,1,0,Graduate,Female,60,360,LP002337,Y,No,Urban,No,641ea6e3c50d2637fbd35e19
,0,1,1,Graduate,Female,160,360,LP002341,N,No,Urban,No,641ea6e3c50d2637fbd35e1a
1600,20000,1,2,Graduate,Male,239,360,LP002342,N,Yes,Urban,Yes,641ea6e3c50d2637fbd35e1b
1025,2773,1,0,Graduate,Male,112,360,LP002345,Y,Yes,Rural,No,641ea6e3c50d2637fbd35e1c
,1417,1,0,Graduate,Male,138,360,LP002347,Y,Yes,Semiurban,No,641ea6e3c50d2637fbd35e1d
,0,1,0,Graduate,Male,138,360,LP002348,Y,Yes,Rural,No,641ea6e3c50d2637fbd35e1e
,0,0,0,Not Graduate,Female,80,null,LP002357,N,No,Urban,No,641ea6e3c50d2637fbd35e1f
1820,1719,1,0,Graduate,Male,100,360,LP002361,Y,Yes,Urban,No,641ea6e3c50d2637fbd35e20
,1667,0,1,Graduate,Male,110,null,LP002362,N,Yes,Urban,No,641ea6e3c50d2637fbd35e21
,0,1,0,Graduate,Male,96,360,LP002364,Y,Yes,Semiurban,No,641ea6e3c50d2637fbd35e22
,4300,1,0,Graduate,Male,121,360,LP002366,Y,Yes,Rural,No,641ea6e3c50d2637fbd35e23
,0,1,1,Not Graduate,Female,81,360,LP002367,N,No,Rural,No,641ea6e3c50d2637fbd35e24
,0,1,2,Graduate,Male,133,360,LP002368,Y,Yes,Semiurban,No,641ea6e3c50d2637fbd35e25
,16.12000084,1,0,Graduate,Male,87,360,LP002369,Y,Yes,Rural,No,641ea6e3c50d2637fbd35e26
,0,1,0,Not Graduate,Male,60,180,LP002370,Y,No,Urban,No,641ea6e3c50d2637fbd35e27
,0,1,1,Graduate,Female,150,360,LP002377,Y,No,Semiurban,Yes,641ea6e3c50d2637fbd35e28
,0,0,0,Graduate,Male,105,360,LP002379,N,No,Rural,No,641ea6e3c50d2637fbd35e29
,0,1,0,Graduate,Male,405,360,LP002386,Y,No,Semiurban,,641ea6e3c50d2637fbd35e2a
,2340,1,0,Graduate,Male,143,360,LP002387,Y,Yes,Semiurban,No,641ea6e3c50d2637fbd35e2b
,0,1,0,Graduate,Male,100,360,LP002390,Y,No,Urban,No,641ea6e3c50d2637fbd35e2c
,0,1,,Graduate,Female,150,240,LP002393,Y,,Semiurban,No,641ea6e3c50d2637fbd35e2d
1926,1851,1,0,Graduate,Male,50,360,LP002398,Y,No,Semiurban,No,641ea6e3c50d2637fbd35e2e
,1125,1,0,Graduate,Male,150,360,LP002401,Y,Yes,Urban,No,641ea6e3c50d2637fbd35e2f
,0,0,0,Graduate,Male,187,360,LP002403,N,No,Urban,Yes,641ea6e3c50d2637fbd35e30
,0,1,0,Not Graduate,Female,138,360,LP002407,Y,Yes,Rural,Yes,641ea6e3c50d2637fbd35e31
,5064,1,0,Graduate,Male,187,360,LP002408,Y,No,Semiurban,No,641ea6e3c50d2637fbd35e32
,1833,1,0,Graduate,Male,180,360,LP002409,Y,Yes,Rural,No,641ea6e3c50d2637fbd35e33
,1993,1,3+,Not Graduate,Male,148,360,LP002418,Y,No,Semiurban,No,641ea6e3c50d2637fbd35e34
,0,1,1,Graduate,Male,152,360,LP002422,Y,No,Semiurban,No,641ea6e3c50d2637fbd35e35
,8333,null,0,Graduate,Male,175,300,LP002424,Y,Yes,Rural,No,641ea6e3c50d2637fbd35e36
,1210,1,1,Graduate,Male,130,360,LP002429,Y,Yes,Rural,Yes,641ea6e3c50d2637fbd35e37
,0,1,2,Not Graduate,Male,110,360,LP002434,Y,Yes,Rural,No,641ea6e3c50d2637fbd35e38
,1376,1,0,Graduate,Male,55,360,LP002435,N,Yes,Rural,,641ea6e3c50d2637fbd35e39
,1710,0,2,Graduate,Male,150,360,LP002443,N,Yes,Rural,No,641ea6e3c50d2637fbd35e3a
,1542,null,1,Not Graduate,Male,190,360,LP002444,N,No,Semiurban,Yes,641ea6e3c50d2637fbd35e3b
,1255,0,2,Not Graduate,Male,125,360,LP002446,N,Yes,Rural,No,641ea6e3c50d2637fbd35e3c
1958,1456,null,2,Not Graduate,Male,60,300,LP002447,Y,Yes,Urban,No,641ea6e3c50d2637fbd35e3d
,1733,0,0,Graduate,Male,149,360,LP002448,N,Yes,Rural,No,641ea6e3c50d2637fbd35e3e
,2466,0,0,Graduate,Male,90,180,LP002449,Y,Yes,Rural,No,641ea6e3c50d2637fbd35e3f
,0,1,0,Graduate,Male,84,360,LP002453,Y,No,Semiurban,Yes,641ea6e3c50d2637fbd35e40
,0,1,2,Graduate,Male,96,360,LP002455,Y,Yes,Semiurban,No,641ea6e3c50d2637fbd35e41
,0,1,0,Graduate,Male,118,360,LP002459,Y,Yes,Urban,No,641ea6e3c50d2637fbd35e42
,2569,1,0,Graduate,Male,173,360,LP002467,N,Yes,Urban,No,641ea6e3c50d2637fbd35e43
,0,1,2,Graduate,Male,136,360,LP002472,Y,No,Rural,No,641ea6e3c50d2637fbd35e44
,0,1,0,Graduate,Male,160,360,LP002473,N,Yes,Semiurban,No,641ea6e3c50d2637fbd35e45
,4083,null,0,Graduate,,160,360,LP002478,Y,Yes,Semiurban,Yes,641ea6e3c50d2637fbd35e46
,0,1,3+,Graduate,Male,128,180,LP002484,Y,Yes,Urban,No,641ea6e3c50d2637fbd35e47
,2188,1,0,Graduate,Male,153,360,LP002487,Y,Yes,Rural,No,641ea6e3c50d2637fbd35e48
,0,1,1,Not Graduate,Female,132,360,LP002489,Y,No,Semiurban,,641ea6e3c50d2637fbd35e49
,0,0,0,Graduate,Male,98,360,LP002493,N,No,Semiurban,No,641ea6e3c50d2637fbd35e4a
,0,1,0,Graduate,Male,140,360,LP002494,Y,No,Rural,No,641ea6e3c50d2637fbd35e4b
,1664,0,3+,Not Graduate,Male,70,180,LP002500,N,Yes,Urban,No,641ea6e3c50d2637fbd35e4c
,0,1,0,Graduate,,110,360,LP002501,Y,Yes,Semiurban,No,641ea6e3c50d2637fbd35e4d
210,2917,1,2,Not Graduate,Female,98,360,LP002502,Y,Yes,Semiurban,,641ea6e3c50d2637fbd35e4e
,2451,1,0,Graduate,Male,110,360,LP002505,N,Yes,Urban,No,641ea6e3c50d2637fbd35e4f
,2079,1,1,Graduate,Male,162,360,LP002515,Y,Yes,Semiurban,Yes,641ea6e3c50d2637fbd35e50
,1500,0,1,Not Graduate,Male,113,180,LP002517,N,Yes,Rural,No,641ea6e3c50d2637fbd35e51
,0,1,3+,Graduate,Male,100,360,LP002519,Y,Yes,Semiurban,No,641ea6e3c50d2637fbd35e52
,0,null,0,Graduate,Female,93,360,LP002522,Y,No,Urban,Yes,641ea6e3c50d2637fbd35e53
,4648,1,2,Graduate,Male,162,360,LP002524,Y,No,Rural,No,641ea6e3c50d2637fbd35e54
,1014,1,2,Graduate,Male,150,360,LP002527,Y,Yes,Rural,Yes,641ea6e3c50d2637fbd35e55
,1750,1,2,Graduate,Male,230,300,LP002529,Y,Yes,Semiurban,No,641ea6e3c50d2637fbd35e56
,1872,0,2,Graduate,,132,360,LP002530,N,Yes,Semiurban,No,641ea6e3c50d2637fbd35e57
,2250,1,1,Graduate,Male,86,360,LP002531,Y,Yes,Semiurban,Yes,641ea6e3c50d2637fbd35e58
,1603,1,2,Graduate,Male,150,360,LP002533,N,Yes,Urban,No,641ea6e3c50d2637fbd35e59
,0,1,0,Not Graduate,Female,154,360,LP002534,Y,No,Rural,No,641ea6e3c50d2637fbd35e5a
,0,1,3+,Not Graduate,Male,113,360,LP002536,Y,Yes,Rural,No,641ea6e3c50d2637fbd35e5b
,3150,1,0,Graduate,Male,128,360,LP002537,Y,Yes,Semiurban,No,641ea6e3c50d2637fbd35e5c
,0,1,0,Graduate,Male,234,360,LP002541,Y,Yes,Semiurban,No,641ea6e3c50d2637fbd35e5d
,0,1,2,Graduate,Male,246,360,LP002543,Y,Yes,Semiurban,No,641ea6e3c50d2637fbd35e5e
1958,2436,1,1,Not Graduate,Male,131,360,LP002544,Y,Yes,Rural,No,641ea6e3c50d2637fbd35e5f
,0,0,2,Graduate,Male,80,360,LP002545,N,No,Rural,No,641ea6e3c50d2637fbd35e60
,0,1,1,Graduate,Male,500,360,LP002547,N,Yes,Urban,No,641ea6e3c50d2637fbd35e61
,2083,1,2,Graduate,Male,160,360,LP002555,Y,Yes,Semiurban,Yes,641ea6e3c50d2637fbd35e62
,0,1,0,Graduate,Male,75,360,LP002556,N,No,Urban,No,641ea6e3c50d2637fbd35e63
,2785,null,0,Not Graduate,Male,96,360,LP002560,Y,No,Semiurban,No,641ea6e3c50d2637fbd35e64
,1131,null,1,Not Graduate,Male,186,360,LP002562,Y,Yes,Urban,No,641ea6e3c50d2637fbd35e65
,0,1,0,Not Graduate,Male,110,360,LP002571,Y,No,Rural,No,641ea6e3c50d2637fbd35e66
,0,1,0,Not Graduate,Female,225,360,LP002582,Y,No,Semiurban,Yes,641ea6e3c50d2637fbd35e67
,2157,0,0,Graduate,Male,119,360,LP002585,N,Yes,Rural,No,641ea6e3c50d2637fbd35e68
,913,1,1,Graduate,Female,105,84,LP002586,Y,Yes,Semiurban,No,641ea6e3c50d2637fbd35e69
,1700,1,0,Not Graduate,Male,107,360,LP002587,Y,Yes,Rural,No,641ea6e3c50d2637fbd35e6a
,2857,null,0,Graduate,Male,111,12,LP002588,Y,Yes,Urban,No,641ea6e3c50d2637fbd35e6b
,0,1,1,Graduate,Male,95,360,LP002600,Y,Yes,Semiurban,Yes,641ea6e3c50d2637fbd35e6c
,4416,0,0,Graduate,Male,209,360,LP002602,N,No,Rural,No,641ea6e3c50d2637fbd35e6d
645,3683,1,0,Graduate,Female,113,480,LP002603,Y,No,Rural,No,641ea6e3c50d2637fbd35e6e
,0,1,0,Graduate,Female,100,360,LP002606,Y,No,Semiurban,No,641ea6e3c50d2637fbd35e6f
,5624,1,2,Graduate,Male,208,360,LP002615,Y,Yes,Semiurban,No,641ea6e3c50d2637fbd35e70
,5302,null,1,Not Graduate,Male,138,360,LP002618,N,Yes,Rural,No,641ea6e3c50d2637fbd35e71
,1483,1,0,Not Graduate,Male,124,300,LP002619,Y,Yes,Semiurban,No,641ea6e3c50d2637fbd35e72
,4416,1,2,Graduate,Male,243,360,LP002622,Y,Yes,Rural,No,641ea6e3c50d2637fbd35e73
,6667,null,0,Graduate,Male,480,360,LP002624,Y,Yes,Urban,No,641ea6e3c50d2637fbd35e74
,0,1,0,Graduate,,96,360,LP002625,N,No,Urban,No,641ea6e3c50d2637fbd35e75
,3013,1,0,Graduate,Male,188,360,LP002626,Y,Yes,Urban,Yes,641ea6e3c50d2637fbd35e76
,0,1,1,Graduate,Female,40,360,LP002634,Y,No,Urban,No,641ea6e3c50d2637fbd35e77
,1287,1,0,Not Graduate,Male,100,360,LP002637,N,No,Rural,No,641ea6e3c50d2637fbd35e78
,2004,1,1,Graduate,Male,250,360,LP002640,Y,Yes,Semiurban,No,641ea6e3c50d2637fbd35e79
,2035,1,2,Graduate,Male,148,360,LP002643,Y,Yes,Urban,No,641ea6e3c50d2637fbd35e7a
,6666,1,0,Graduate,Male,70,180,LP002648,N,Yes,Semiurban,No,641ea6e3c50d2637fbd35e7b
,3666,1,0,Graduate,Male,311,360,LP002652,N,No,Rural,No,641ea6e3c50d2637fbd35e7c
,3428,1,3+,Graduate,Male,150,360,LP002659,Y,Yes,Rural,No,641ea6e3c50d2637fbd35e7d
,1632,1,2,Graduate,Female,113,480,LP002670,Y,Yes,Semiurban,No,641ea6e3c50d2637fbd35e7e
,1800,0,,Not Graduate,Male,123,360,LP002682,N,Yes,Semiurban,No,641ea6e3c50d2637fbd35e7f
,1915,1,0,Graduate,Male,185,360,LP002683,N,No,Semiurban,No,641ea6e3c50d2637fbd35e80
,0,1,0,Not Graduate,Female,95,360,LP002684,N,No,Rural,No,641ea6e3c50d2637fbd35e81
,1742,1,2,Not Graduate,Male,45,360,LP002689,Y,Yes,Semiurban,No,641ea6e3c50d2637fbd35e82
,0,1,0,Graduate,Male,55,360,LP002690,Y,No,Semiurban,No,641ea6e3c50d2637fbd35e83
,1424,1,3+,Graduate,Male,100,360,LP002692,Y,Yes,Rural,Yes,641ea6e3c50d2637fbd35e84
,7166,1,2,Graduate,Male,480,360,LP002693,Y,Yes,Rural,Yes,641ea6e3c50d2637fbd35e85
,2087,1,0,Graduate,Male,150,360,LP002697,N,No,Semiurban,No,641ea6e3c50d2637fbd35e86
,0,1,2,Graduate,Male,400,360,LP002699,Y,Yes,Rural,Yes,641ea6e3c50d2637fbd35e87
,0,1,0,Graduate,Male,110,360,LP002705,Y,Yes,Semiurban,No,641ea6e3c50d2637fbd35e88
,1430,0,1,Not Graduate,Male,161,360,LP002706,Y,Yes,Semiurban,No,641ea6e3c50d2637fbd35e89
,1302,1,1,Not Graduate,Male,94,360,LP002714,Y,No,Semiurban,No,641ea6e3c50d2637fbd35e8a
,0,1,0,Not Graduate,Male,130,360,LP002716,Y,No,Semiurban,No,641ea6e3c50d2637fbd35e8b
1025,5500,null,0,Graduate,Male,216,360,LP002717,Y,Yes,Rural,No,641ea6e3c50d2637fbd35e8c
,0,1,3+,Graduate,Male,100,360,LP002720,Y,Yes,Urban,No,641ea6e3c50d2637fbd35e8d
,0,0,2,Graduate,Male,110,360,LP002723,N,No,Rural,No,641ea6e3c50d2637fbd35e8e
,0,null,1,Graduate,Male,196,360,LP002729,N,No,Semiurban,No,641ea6e3c50d2637fbd35e8f
,0,1,0,Not Graduate,Female,125,360,LP002731,Y,No,Urban,Yes,641ea6e3c50d2637fbd35e90
,2042,1,0,Not Graduate,Male,126,360,LP002732,Y,No,Rural,,641ea6e3c50d2637fbd35e91
,3906,1,0,Graduate,Male,324,360,LP002734,Y,Yes,Urban,No,641ea6e3c50d2637fbd35e92
,0,1,2,Graduate,Male,107,360,LP002738,Y,No,Semiurban,No,641ea6e3c50d2637fbd35e93
,536,1,0,Not Graduate,Male,66,360,LP002739,N,Yes,Rural,No,641ea6e3c50d2637fbd35e94
,0,1,3+,Graduate,Male,157,180,LP002740,Y,Yes,Rural,No,641ea6e3c50d2637fbd35e95
,2845,1,1,Graduate,Female,140,180,LP002741,Y,Yes,Semiurban,No,641ea6e3c50d2637fbd35e96
,0,0,0,Graduate,Female,99,360,LP002743,N,No,Semiurban,No,641ea6e3c50d2637fbd35e97
,0,1,1,Graduate,Female,95,360,LP002753,Y,No,Semiurban,,641ea6e3c50d2637fbd35e98
,2524,1,1,Not Graduate,Male,128,360,LP002755,Y,Yes,Urban,No,641ea6e3c50d2637fbd35e99
,663,null,0,Not Graduate,Female,102,360,LP002757,Y,Yes,Semiurban,No,641ea6e3c50d2637fbd35e9a
,1950,1,0,Graduate,Male,155,360,LP002767,Y,Yes,Rural,No,641ea6e3c50d2637fbd35e9b
,0,1,0,Not Graduate,Male,80,36,LP002768,N,No,Semiurban,No,641ea6e3c50d2637fbd35e9c
,1783,1,0,Graduate,Male,145,360,LP002772,Y,No,Rural,No,641ea6e3c50d2637fbd35e9d
,0,0,0,Graduate,Female,103,360,LP002776,N,No,Semiurban,No,641ea6e3c50d2637fbd35e9e
,2016,1,0,Graduate,Male,110,360,LP002777,Y,Yes,Rural,No,641ea6e3c50d2637fbd35e9f
,0,0,2,Graduate,Male,150,360,LP002778,N,Yes,Rural,Yes,641ea6e3c50d2637fbd35ea0
,2375,1,1,Not Graduate,Male,150,360,LP002784,Y,Yes,Rural,No,641ea6e3c50d2637fbd35ea1
,3250,1,1,Graduate,Male,158,360,LP002785,Y,Yes,Urban,No,641ea6e3c50d2637fbd35ea2
,2333,0,0,Not Graduate,Male,181,360,LP002788,N,Yes,Urban,No,641ea6e3c50d2637fbd35ea3
,4266,0,0,Graduate,Male,132,180,LP002789,N,Yes,Rural,No,641ea6e3c50d2637fbd35ea4
,1032,1,1,Graduate,Male,26,360,LP002792,Y,Yes,Semiurban,No,641ea6e3c50d2637fbd35ea5
,1625,null,0,Graduate,Female,84,360,LP002794,Y,No,Urban,No,641ea6e3c50d2637fbd35ea6
,0,1,3+,Graduate,Male,260,360,LP002795,Y,Yes,Semiurban,Yes,641ea6e3c50d2637fbd35ea7
,2669,1,0,Graduate,Male,162,360,LP002798,Y,Yes,Semiurban,No,641ea6e3c50d2637fbd35ea8
,2306,1,0,Graduate,Female,182,360,LP002804,Y,Yes,Semiurban,No,641ea6e3c50d2637fbd35ea9
,242,1,2,Not Graduate,Male,108,360,LP002807,Y,Yes,Semiurban,No,641ea6e3c50d2637fbd35eaa
,0,1,1,Graduate,Female,600,360,LP002813,Y,Yes,Semiurban,Yes,641ea6e3c50d2637fbd35eab
,2054,1,0,Graduate,Male,211,360,LP002820,Y,Yes,Rural,No,641ea6e3c50d2637fbd35eac
,0,1,0,Not Graduate,Male,132,360,LP002821,Y,No,Semiurban,Yes,641ea6e3c50d2637fbd35ead
,0,0,2,Graduate,Male,258,360,LP002832,N,Yes,Urban,No,641ea6e3c50d2637fbd35eae
,0,null,0,Not Graduate,Male,120,360,LP002833,Y,Yes,Rural,No,641ea6e3c50d2637fbd35eaf
,0,1,0,Graduate,Male,70,360,LP002836,Y,No,Urban,No,641ea6e3c50d2637fbd35eb0
,2500,0,3+,Graduate,Male,123,360,LP002837,N,Yes,Rural,No,641ea6e3c50d2637fbd35eb1
,0,1,0,Graduate,Female,9,360,LP002840,N,No,Urban,No,641ea6e3c50d2637fbd35eb2
,2064,0,0,Graduate,Male,104,360,LP002841,N,Yes,Urban,No,641ea6e3c50d2637fbd35eb3
,1750,1,1,Graduate,Male,186,360,LP002842,Y,Yes,Urban,No,641ea6e3c50d2637fbd35eb4
,1451,0,,Graduate,Male,165,360,LP002847,N,Yes,Urban,No,641ea6e3c50d2637fbd35eb5
,0,1,2,Graduate,Male,275,360,LP002855,Y,Yes,Urban,No,641ea6e3c50d2637fbd35eb6
,1625,1,2,Not Graduate,Male,187,480,LP002862,N,Yes,Semiurban,No,641ea6e3c50d2637fbd35eb7
,0,1,3+,Graduate,Male,150,360,LP002863,N,Yes,Semiurban,No,641ea6e3c50d2637fbd35eb8
,461,1,2,Graduate,Male,108,84,LP002868,Y,Yes,Urban,No,641ea6e3c50d2637fbd35eb9
,2210,0,0,Graduate,,136,360,LP002872,N,Yes,Semiurban,No,641ea6e3c50d2637fbd35eba
,2739,1,0,Graduate,Male,110,360,LP002874,Y,No,Urban,No,641ea6e3c50d2637fbd35ebb
1782,2232,1,1,Graduate,Male,107,360,LP002877,Y,Yes,Rural,No,641ea6e3c50d2637fbd35ebc
,2917,1,0,Graduate,Male,161,360,LP002888,Y,No,Urban,,641ea6e3c50d2637fbd35ebd
,0,1,2,Graduate,Male,205,360,LP002892,Y,Yes,Semiurban,No,641ea6e3c50d2637fbd35ebe
1836,33837,1,0,Graduate,Male,90,360,LP002893,N,No,Urban,No,641ea6e3c50d2637fbd35ebf
,0,1,0,Graduate,Female,36,360,LP002894,Y,Yes,Semiurban,No,641ea6e3c50d2637fbd35ec0
1880,0,null,1,Graduate,Male,61,360,LP002898,N,Yes,Rural,No,641ea6e3c50d2637fbd35ec1
,1917,0,1,Graduate,Male,146,360,LP002911,N,Yes,Rural,No,641ea6e3c50d2637fbd35ec2
,3000,1,1,Graduate,Male,172,84,LP002912,N,Yes,Rural,No,641ea6e3c50d2637fbd35ec3
,1522,1,0,Graduate,Male,104,360,LP002916,Y,Yes,Urban,No,641ea6e3c50d2637fbd35ec4
,0,1,0,Not Graduate,Female,70,360,LP002917,Y,No,Semiurban,No,641ea6e3c50d2637fbd35ec5
,0,1,0,Graduate,,94,360,LP002925,Y,No,Semiurban,No,641ea6e3c50d2637fbd35ec6
,0,0,2,Graduate,Male,106,360,LP002926,N,Yes,Semiurban,Yes,641ea6e3c50d2637fbd35ec7
,3416,1,0,Graduate,Male,56,180,LP002928,Y,Yes,Semiurban,No,641ea6e3c50d2637fbd35ec8
,0,1,2,Graduate,Male,205,240,LP002931,N,Yes,Semiurban,Yes,641ea6e3c50d2637fbd35ec9
,0,1,3+,Graduate,,292,360,LP002933,Y,No,Semiurban,Yes,641ea6e3c50d2637fbd35eca
,3300,1,0,Graduate,Male,142,180,LP002936,Y,Yes,Rural,No,641ea6e3c50d2637fbd35ecb
,0,1,0,Graduate,Male,260,360,LP002938,Y,Yes,Urban,Yes,641ea6e3c50d2637fbd35ecc
,0,1,0,Not Graduate,Male,110,360,LP002940,Y,No,Rural,No,641ea6e3c50d2637fbd35ecd
,1000,1,2,Not Graduate,Male,187,360,LP002941,N,Yes,Rural,Yes,641ea6e3c50d2637fbd35ece
,0,0,,Graduate,Male,88,360,LP002943,N,No,Semiurban,No,641ea6e3c50d2637fbd35ecf
,0,1,0,Graduate,Male,180,360,LP002945,Y,Yes,Rural,Yes,641ea6e3c50d2637fbd35ed0
,0,1,2,Graduate,Male,192,360,LP002948,Y,Yes,Urban,No,641ea6e3c50d2637fbd35ed1
416,41667,null,3+,Graduate,Female,350,180,LP002949,N,No,Urban,,641ea6e3c50d2637fbd35ed2
,2792,1,0,Not Graduate,Male,155,360,LP002950,Y,Yes,Rural,,641ea6e3c50d2637fbd35ed3
,0,1,3+,Graduate,Male,128,360,LP002953,Y,Yes,Urban,No,641ea6e3c50d2637fbd35ed4
,4301,1,0,Graduate,Male,172,360,LP002958,Y,No,Rural,No,641ea6e3c50d2637fbd35ed5
,0,1,1,Graduate,Female,496,360,LP002959,Y,Yes,Semiurban,No,641ea6e3c50d2637fbd35ed6
,3800,1,0,Not Graduate,Male,150,180,LP002960,N,Yes,Urban,No,641ea6e3c50d2637fbd35ed7
,2500,1,1,Graduate,Male,173,360,LP002961,Y,Yes,Semiurban,No,641ea6e3c50d2637fbd35ed8
,1411,1,2,Not Graduate,Male,157,360,LP002964,Y,Yes,Rural,No,641ea6e3c50d2637fbd35ed9
,1950,1,0,Graduate,Male,108,360,LP002974,Y,Yes,Rural,No,641ea6e3c50d2637fbd35eda
,0,1,0,Graduate,Female,71,360,LP002978,Y,No,Rural,No,641ea6e3c50d2637fbd35edb
,0,1,3+,Graduate,Male,40,180,LP002979,Y,Yes,Rural,No,641ea6e3c50d2637fbd35edc
,240,1,1,Graduate,Male,253,360,LP002983,Y,Yes,Urban,No,641ea6e3c50d2637fbd35edd
,0,1,2,Graduate,Male,187,360,LP002984,Y,Yes,Urban,No,641ea6e3c50d2637fbd35ede
,0,0,0,Graduate,Female,133,360,LP002990,N,No,Semiurban,Yes,641ea6e3c50d2637fbd35edf
1916,5063,null,0,Graduate,Male,67,360,LP001634,N,No,Rural,No,641f33cec50d2637fbd35ee0
,0,1,0,Graduate,Male,73,180,LP001636,Y,Yes,Semiurban,No,641f33cec50d2637fbd35ee1
,0,1,1,Graduate,Male,260,360,LP001637,N,Yes,Semiurban,No,641f33cec50d2637fbd35ee2
,0,1,0,Graduate,Female,108,360,LP001639,Y,Yes,Semiurban,No,641f33cec50d2637fbd35ee3
,4750,1,0,Graduate,Male,120,360,LP001640,Y,Yes,Semiurban,Yes,641f33cec50d2637fbd35ee4
,0,0,1,Graduate,Male,66,300,LP001641,N,Yes,Rural,Yes,641f33cec50d2637fbd35ee5
